Paragraph Text,Score
يعد هاروكي موراكامي أكثر الكتاب اليابانيين شهرة حول العالم حيث بلغت مبيعات أعماله الملايين وهو أيضا بدون منازع أكثر كاتب ياباني تجريبي تترجم أعماله إلى اللغة الإنجليزية. تسكن رواياته تلك المساحة الفاصلة بين الأدب الواقعي والخرافي، والبوليسي والخيال العلمي، وعلى سبيل المثال، فإن لبطل روايته أرض العجائب الحارة ونهاية العالم عقلين، وروايته يوميات طائر الزنبرك، أفضل أعماله المشهورة خارج اليابان، تبدأ بحبكة خفيفة، رجل يبحث عن زوجته المفقودة، ثم بالتدريج تصير واحدة من أغرب الروايات الهجينة منذ صدور رواية ترسترام شاندي للورنس ستيرن. يبني موراكامي عالمه المجازي باستخدام الرموز المألوفة، مثل بئر جافة أو مدينة تحت الأرض، ولكن معاني هذه الرموز تبقى مغلقة ومختومة حتى نهاية العمل. وعلى الرغم من أنه مدين في أعماله للثقافة الشعبية (الأميركية على وجه الخصوص)، إلا أن أعماله تحمل درجة عالية من الخصوصية تنافس أي كاتب آخر.,10
ولد موراكامي عام في مدينة كيوتو، عاصمة اليابان القديمة، لعائلة من الطبقة الوسطى ومهتمة بالثقافة الوطنية، إذ عمل والده مدرسا للأدب الياباني، وكان جده راهب بوذي. انتقلت عائلته إلى مدينة كوبه وهو في الثانية من عمره، وشكلت هذه المدينة الساحلية حساسيته، بزوارها الأجانب (البحارة الأميركيين بالتحديد). رفض موراكامي الأدب والثقافة والموسيقى اليابانية منذ عمر مبكر، وآلف نفسه مع العالم خارج اليابان، عالم عرفه عبر موسيقى الجاز وأفلام هوليوود ومحلات الكتب المستعملة.,10
شحذ موراكامي ذوقه الروائي ما بعد الحداثي وهو طالب في طوكيو في أواخر الستينات بينما كان يتابع عن بعد، وبتعاطف، ذروة حركة احتجاجات أنبو. تزوج وهو في الثالثة والعشرين وقضى السنوات التالية في إدارة ناد لموسيقى الجاز في طوكيو اسمه يتر كات، وهو ما أتاح له الفرصة لإدارة نفقات حياته قبل نشره روايته الأولى. ترجمت رواية اسمع الريح تغني إلى الإنجليزية، ولكنها غير متاحة خارج اليابان بناء على طلب المؤلف، وفاز بها جائز ونزو للكتاب الجدد، وكانت هذه الرواية البادئة لمقروئية أعماله. ذاع صيته أكثر فأكثر مع كل كتاب نشره لاحقا، إلى أن نشر روايته الواقعية الأولى الغابة النرويجية والتي حولته إلى نجم أدبي عالمي، وصار صوت جيله في الثمانينات، معادلا لجي دي سالنر. بيعت من الرواية أكثر من اثنين مليون نسخة في اليابان فقط، ما يعني رواية لكل بيت في طوكيو وقتها.,10
صار موراكامي منذ ذلك أكثر الكتاب المشهورين في وطنه دون قصد منه، وعاش في الخارج لسنوات طويلة ليضع مسافة بينه وبين صورته العامة. عاش في أوروبا والولايات المتحدة، فكتب روايته يوميات طائر الزنبرك في أثناء تدريسه في جامعتي رينستون وتافتس. وعلى الرغم أنه لم يعد إلى أسلوب الكتابة المباشر كما في رواية الغابة النرويجية، اتسعت قاعدته الجماهيرية، فباعت روايته كافكا على الشاطئ أكثر من ثلاثة آلاف نسخة في اليابان وستصدر النسخة الإنجليزية منها قريبا. أما على المستوى العالمي، فهو أكثر الروائيين اليابانيين مقروئية في جيله، وحاز بكل الجوائز المطروحة للرواية في اليابان، بما فيها جائزة يوميري الأدبية. ولا يفوتنا أن نذكر بأنه مترجم نشط، ونقل أعمال رايمند كارر وتوم أوبرين وفرانسيس سكوت فيتسجيرالد إلى اللغة اليابانية، والتي كانت بعضها أول مرة تترجم للقارئ الياباني.,10
يقع مكتب موراكامي في طوكيو قبالة الطريق الرئيسي في أوياما، وهو المعادل لحي سوهو في مدينة نيويورك. المبنى نفسه عشوائي وقديم المظهر، كما لو أن التغيير في الحي قد حدث دون أن يصل المبنى. يستأجر موراكامي جناحا متوسط الحجم في الطابق السادس، وتعكس غرف الجناح طبيعته خزانات خشبية عادية وكراس دوارة ومكاتب مغطاة برقائق المايلر وأثاث مكتبي. لا يبدو الديكور متوافقا مع الشكل السائد لأستوديوهات الكتاب، إلا أنه مناسب لموراكامي، حيث غالبا ما تكون شخصياته في مثل هذه البيئة اليومية عند أول اتصال لهم مع عالم الأحلام. ولكن كما تبين لاحقا، فإن المكتب يخدم بشكل رئيسي بوصفه الواجهة المهنية لعمل موراكامي. يبدو جو الغرفة مشحونا بالعمل المتفاني، وعلى الأقل يوجد في المكتب مساعدتين يتحركن ببراعة وخفة بجواربهن الشفافة.,10
أجريت هذه المقابلة مع السيد موراكامي على مدار ظهيرتين متتابعتين، حيث أظهر ضحكات خافتة محاولا الحفاظ على الهدوء في المكتب. بدا رجلا مشغولا وباعترافه، لم يكن يحب التكلم كثيرا، ولكن بعد دخولنا إلى جو المقابلة، وجد موراكامي نفسه مركزا ويتحدث بسلاسة. تكلم بطلاقة، مع أخذه لسكتات متعددة بين جمله، محاولا توليف أدق إجابة ممكنة. وفي كل مرة أخذنا الحديث إلى الجاز أو إلى الركض، أكثر الأشياء التي تشغف قلبه، صار أصغر بعشرين سنة، أو ربما ظننته صبيا في الخامسة عشرة من عمره.,7
جون راي،,0
صفحة من مخطوطة رواية مطاردة الخراف الجامحة لهاروكي موراكامي,8
المقابل,1
انتهيت مؤخرا من قراءة مجموعتك القصصية بعد الزلزال وأدهشتني قدرتك على خلط القصص الواقعية على شاكلة رواية الغابة النرويجية مع قصص أخرى على شاكلة يوميات طائر الزنبرك وأرض العجائب الحارة ونهاية العالم. هل ترى فرقا واضحا بين هذين الشكلين,6
هاروكي موراكامي,10
أعتقد أن الشكل الأدبي الأقرب إلي يتمثل في رواية أرض العجائب الحارة ونهاية العالم، شخصيا لا أحب أسلوب الكتابة الوقعي. أفضل الأسلوب السريالي. لكن في حالة الغابة النرويجية فكنت قد قررت أن أكتب رواية واقعية بالكامل. أردت أنا أخوض تلك التجربة.,9
هل فكرت في الكتابة على أنها تجربة في الأسلوب أم كانت لديك قصة محددة أردت إخبارها وكان ذلك الأسلوب هو الأفضل لها,6
لو استمريت في الكتابة على ذات الأسلوب السريالي، فسيتم تعريفي به. لكني أردت أن أخالف السائد، ولذا كان لزاما علي إثبات قدرتي على كتابة كتاب واقعي. لهذا كتبت الكتاب، وقد حقق مبيعات كبيرة في اليابان كما توقعت.,8
كان خيارك مخطط له ومقصود إذن.,3
صحيح. الغابة النرويجية رواية سهلة القراءة وسهلة الفهم. كثيرون أعجبهم الكتاب. وربما تكون الرواية مدخلا لهم إلى باقي أعمالي، وهو ما يساعدني.,8
القراء الأميركيون والقراء اليابانيون يتشابهون يريدون قراءة قصة سهلة.,5
بيعت من كتابي الأخيرة كافكا على الشاطئ في مجلدين حوالي ألف نسخة. تفاجأت أنه بيع بهذا القدر، لم يكن الأمر عاديا. القصة معقدة وليست سلسة. لكن أسلوبي النثري سهل القراءة. وينطوي على حس فكاهي ودرامي يدفع الناس لقراءة الصفحة التالية ثم التي تليها. يوجد توازن سحري بين هذين العاملين، وربما يكون هذا سبب آخر لنجاحي. الأمر رهيب. أكتب رواية كل ثلاثة أعوام، والناس ينتظرونها. عقدت مقابلة ذات مرة مع جون إيرفن، وأخبرني بأن قراءة الكتب الجيدة تشبه الحقن المخدرة. وفورما يدمن الناس عليها، سيبقون دائما في الانتظار.,8
لديك رغبة في دفع الناس ليصيروا مدمنين.,1
هذا ما يقوله جون إيرفن.,1
هل استخدامك لعاملي الصوت السردي المباشر والسلس مقرونا بعامل الحبكة المثيرة يعد خيارا واعيا لديك,4
الأمر ليس كذلك. فأنا لا أحيك خطة للكتابة عندما ابدأ بها. أشرع في كتابة القصة وأنتظرها. لا أختار نوع القصة ولا أوجه أحداثها. أنتظر فحسب. كان الأمر مع الغابة النرويجية مختلفا، لأني قررت مسبقا استخدام الأسلوب الواقعي. لكني عامة لا أختار.,8
هل تختار صوت الراوي، ذلك الصوت الجامد والسهل هل تختاره واعيا,5
تحضرني الصور وأربطها مع بعضها البعض تباعا. هكذا يتشكل خط سير القصة. بعدها آخذ في شرح خط سير القصة للقارئ. وعلى المرء أن يكون لطيفا للغاية لحظة شرحه لأي شيء. وإذا فكرت للحظة أنك تعرف أمرا ولا تريد شرحه، فهذا غرور. كلمات سهلة وكنايات لذيذة وصور معبرة. وهذا ما أفعله. أشرح بهدوء ووضوح.,8
هل يحضرك هذا الأمر طبيعيا,2
لست ذكيا. ولست مغرورا. أنا تماما مثل الناس الذين يقرؤون كتبي. كان لدي ناد للجاز، واعتدت تجهيز الكوكتيلات والساندويتشات للناس. لم أرد أن أصير كاتبا. ولكني كتبت. الكتابة بالنسبة لي هبة من السماء، ولذا علي أن أكون متواضعا.,6
في أي عمر صرت كاتبا وهل فاجأك الأمر,2
وأنا في التاسعة والعشرين من العمري. ونعم، تفاجأت. لكني اعتدت على الأمر مباشرة.,6
مباشرة شعرت بالارتياح منذ أول يوم كتابة,4
طفقت أكتب على طاولة المطبخ في منصف الليل. استغرقت عشرة أشهر في إنجاز الكتاب الأول وأرسلته لأحد الناشرين وحصلت بعدها على جائزة، وكان الأمر أشبه بالحلم. تفاجأت لحدوث الأمر. لكن بعد لحظة تفكير أدركته، أنا كاتب. ولم لا الأمر بالغ البساطة.,7
ما كان شعور زوجتك عند قرارك في التوجه للكتابة,4
لم تعلق على الأمر، وعندما أخبرتها بأني صرت كاتبا، تفاجأت وشعرت بالإحراج نوعا ما.,7
ولم شعرت بالإحراج لم تعتقد أن بإمكانك النجاح,3
ثمة ابتذال في فكرة أن يصير المرء كاتبا.,7
من هم قدواتك من أثر عليك من الكتاب اليابانيين,3
لم اقرأ للكثير من الكتاب اليابانيين في طفولتي ولا حتى في مراهقتي. رغبت في الهرب من هذه الثقافة. شعرت أنها كان مملة ولزجة.,7
ألم يكن والدك معلما للأدب الياباني,3
صحيح. علاقتي بأبي زينها الأدب أيضا. ولكني اتجهت للثقافة الغربية موسيقى الجاز ودوستويفسكي وكافكا ورايمند تشاندلر. كان هذا عالمي الخاص، عالمي الخيالي. كان بمقدوري الذهاب إلى سان بطرسبرغ أو إلى هوليوود الغربية إذا رغبت في ذلك. هنا تتمثل قوة الرواية، تهديك القدرة للسفر إلى أي مكان. صار من السهل الآن السفر إلى الولايات المتحدة. يمكن لأي أحد السفر إلى أي مكان يريدونه، ولكن في الستينيات كان الأمر مستحيلا تقريبا. ولذا كانت القراءة والموسيقى طريقتي في السفر. لذت بهما مثل الحلم.,8
وقادك هذا في مرحلة من المراحل إلى الكتابة,4
صحيح. عندما كنت في الحادي والعشرين من عمري، بدأت في كتابة رواية دون أي مقدمات. أردت كتابة شيء ما، ولكني لم أعرف كيف. لم أعرف كيف أكتب باللغة اليابانية لأني بالكاد قرأت أية أعمال لكتاب يابانيين، ولذا استعرت الأسلوب والصيغة وكل شيء من الكتب التي قرأتها، من الكتب الأميركية والغربية. ونتيجة لهذه الاستعارة، خرجت بأسلوبي الأصلي. كانت بداية.,8
نشر كتابك الأول وحصلت على جائزة وأنت في طريقك لتصير كاتبا. هل بدأت في مقابلة كتاب آخرين,4
لا. أبدا.,1
لم يكن لديك أي أصدقاء كتاب وقتها,1
كلا.,0
ومع مرور الوقت، هل قابلت أحدا صار لاحقا صديقك أو زميلك,1
كلا. أبدا.,0
ألا يوجد لديك أي أصدقاء كتاب حتى هذا اليوم,1
ألا تعرض كتاباتك على أحد في أثناء عملك عليها,1
إطلاقا.,0
ماذا عن زوجتك,1
أريتها المخطوطة الأولى لروايتي الأولى ولكنها تدعي بأنها لم تقرأها نهائيا! أظنها لم تشكل انطباعا عن العمل.,3
لم تندهش.,0
أصبت. ولكنها كانت المسودة الأولى، وكانت فظيعة. أعدت كتابتها مرارا وتكرارا.,5
ماذا عن الآن وأنت تعمل على كتاب ما، ألا يثيرها الفضول لتعرف عما تكتب,3
زوجتي هي قارئتي الأولى دائما. أكتب كتابا، واعتمد عليها، فهي شريكتي في الكتابة إلى حد ما. يذكرني الأمر بسكوت فيتسجيرالد، حيث كانت زوجته زيلدا قارئته الأولى.,7
لم تشعر بأي مرحلة من مهنتك كاتبا بأنك تنتمي إلى مجتمع من الكتاب,3
أنا انطوائي. لا أحب المجموعات والمدارس والدوائر الأدبية. يوجد في رينستون مطعم صغير حسبما أتذكر، ودعيت إليه. حضرت فيه آنذاك جويس كارول أوتس وتوني موريسون. خفت للغاية لدرجة أنني لم آكل أي شيء. كانت ماري موريسون هناك أيضا وهي امرأة لطيف جدا بنفس عمري تقريبا وصرنا أصدقاء. أما في اليابان، فلا أصدقاء كتاب لي لأني أحافظ على مسافتي.,7
كتبت جزءا ليس بالهين من رواية يوميات طائر الزنبرك في الولايات المتحدة. هل أثر عيشك فيها على عملية الكتابة أو على النص نفسه,7
عشت خلال سنوات كتابة رواية يوميات طائر الزنبرك الأربعة في الولايات المتحدة الأميركية غريبا. تبعني الإحساس بالغرابة مثل ظل وترك الأثر نفسه على الشخصية الرئيسة في الرواية. وبعد تفكيري بالموضوع، لو كتبت الرواية وأنا في اليابان، لكان قد خرج معي كتاب آخر مختلف تماما.,7
الغرابة التي أشعر بها وأنا في الولايات المتحدة الأميركية تختلف عن الغرابة التي تنتابني في اليابان. كان الإحساس بها في أميركا واضحا ومباشرا وأعطتني تقديرا أوضح لنفسي. كأني كنت وفي أثناء كتابة الرواية أعري نفسي، إلى حد ما.,7
هل يوجد كتاب حاليين في اليابان تقرأ لهم وتستمتع,5
بالطبع، ومنهم ريو موراكامي. أحب بعضا من كتب بانانا يوشيموتو. ولكني في الآن ذاته لا أحب المراجعات والنقد. لا أريد الانخراط بهذا.,6
ولم لا,0
أؤمن أن عملي يقوم على ملاحظة الناس والعالم لا الحكم عليهم. آمل دائما في موضعة نفسي بعيدا عن الأحكام والخلاصات. أريد أن أترك الأمور مفتوحة على كل الاحتمالات في العالم.,8
أفضل ترجمة النقد لأن الترجمة لا تلزمك بالحكم على أي شيء. سطر بسطر أدع الأعمال المفضلة عندي تمر عبر جسدي وذهني. نحن نحتاج على النقد في العالم بكل تأكيد، ولكني لست ناقدا.,6
بالعودة إلى كتبك لا بد أن أدب التحقيقات الأميركي الساخر كان موردا هاما لها. متى قرأت لهذا الجنس لأول مرة ومن عرفك عليه,5
وأنا أدرس الثانوية العامة استهوتني روايات الجريمة. كنت أعيش وقتها في كوبه، وهي مدينة ساحلية اعتاد الأجانب والبحارة الاجتماع فيها وبيع الكتب ذات الأغلفة الورقية لمكتبات الكتب المستعملة. كنت فقيرا، ولكن كان بوسعي شراء كتب الأغلفة الورقية بسعر زهيد. تعلمت الإنجليزية من هذه الكتب وكان الأمر شيقا.,7
ما كان أول كتاب قرأته بالإنجليزية,2
اسمي آرتشر للكاتب روس مكدونالد. تعلمت الكثير من تلك الكتب. وفورما بدأت بالتهامها لم يكن بمقدوري التوقف. أحببت في الوقت نفسه القراءة لتولستوي ودوستويفسكي. دفعتني تلك الكتب لقراءة صفحاتها تباعا، على الرغم من طولها، لم أتوقف عن قراءتها. لا فرق لدي بين دوستويفسكي ورايمند تشاندلر. حتى هذا الوقت، أرى أن كتابتي تكون في أبهى صورها حين أجمع بين صوتي دوستويفسكي وتشاندلر في كتاب واحد. هذا ما أرنو إليه.,5
متى قرأت كافكا للمرة الأولى,2
وأنا في الخامسة عشرة من عمري. قرأت رواية القلعة، وكان كتابا عظيما، ثم قرأت المحاكمة.,7
غريب. لأن أيا من هذه الأعمال لم يكتمل، ما يعني أنها تعقيداتها لم تحل. رواياتك كذلك، وخصوصا كتابك الأخير يوميات طائر الزنبرك، بدت الرواية كما لو أنها تقاوم إيجاد حل من النوع الذي يتوقعه القارئ. هل كان لكافكا ربما تأثير عليك,7
ليس حصرا. لا بد أنك قرأت لرايمند تشاندلر قبلا. لا تقدم كتبه نهايات واضحة للقراء. قد يقول إن فلان هو القاتل، ولكن لا يهمني من القاتل. في إحدى الحلقات الماتعة، صنع هاورد هوكس صورة لـ النوم الكبير. لم يعرف هوكس من هو قاتل الشوفير، فاتصل بتشاندلر وسأله، وأجابه تشاندلر لا أهتم. وأشاركه الشعور نفسه. لا تعني النهايات شيئا إطلاقا. لا أهتم لهوية القاتل في رواية الأخوان كارامازوف.,4
ولكن يبقى جزء كبير من إبداع وانتشار رواية النوم الكبير متمثلا في الرغبة بمعرفة القاتل,2
أنا نفسي وفي أثناء الكتابة لا أعرف من الفاعل. أتشارك والقارئ في هذه الخاصية. فعندما ابدأ في كتابة قصة ما، لا أعرف نهايتها ولا أعرف ماذا سيحصل بعد الحدث الحالي. ولو احتوت قصتي على جريمة قتل فلا أعرف من القاتل. أكتب الكتاب لأن ثمة رغبة تعتريني لأعرف. لو كنت أعرف من هو القاتل منذ البداية، فلن يكون أي هدف لدي لكتابة القصة.,6
هل ينبع هذا من رغبتك بعدم شرح كتبك لأنها قد تفقد قوتها مثل الأحلام إذا ما خضعت للتحليل,5
تتجسد عظمة الكتابة في أنها تمنحك القدرة على الحلم مستيقظا. لو حلمت حلما حقيقيا فلن تتمكن من السيطرة عليه. ولكن في حالة الكتابة، فأنت مستيقظ، وتختار الزمان والطول وكافة التفاصيل. أواصل الكتابة لأربع أو خمس ساعات في الصباح، وعندما أشعر بالحاجة إلى التوقف، أتوقف. يمكنني الاستمرار حتى حلول اليوم الجديد. لو كان حلما حقيقيا، لما تمكنت من فعل ذلك.,8
تدعي أنك لا تعرف القاتل في أثناء الكتابة، ولكن ثمة استثناء محتمل خطر لي الآن شخصية وتاندا من راوية (رقص رقص رقص). يمكن للقارئ ملاحظة بناء متعمد في الرواية يؤدي إلى لحظة اعتراف وتاندا ، وكما هو الأمر في روايات الجريمة الكلاسيكية، كان وتاندا آخر شخص قد يشتبه به. ألا يمكن أنك كنت تعرف مسبقا أن وتاندا كان مذنبا منذ البداية,5
لم أكن أعرف في المسودة الأولى أن القاتل هو وتاندا. ومع اقترابي من النهاية، أي بعد كتابة ثلثي الرواية، عرفت. وبعد عملي على المسودة الثانية أعدت كتابة شخصية وتاندا. عادة ما تكون المسودة الأولى غير مرتبة وتتطلب قدرا كبيرا من المراجعة.,7
كم عدد المسودات التي تعمل عليها قبل النشر,3
أربع أو خمس مسودات. أقضي ستة أشهر في كتابة المسودة الأولى، ثم سبعة أو ثمانية أشهر في إعادة الكتابة.,6
عملك سريع للغاية.,1
أنا كاتب متفان. أركز على عملي بقوة، وهو ما يجعل الكتابة سهلة بالنسبة لي، خصوصا أني حين أكتب، لا أقوم بأي عمل آخر.,8
كيف تخطط ليومك العادي,1
عندما أقرر الدخول في جو كتابة رواية، أصحو الساعة الرابعة صباحا وأكتب لحوالي خمس أو ست ساعات. وفي فترة الظهيرة، أجري عشرة كليو متر أو أسبح مسافة متر (أو أفعل الأمرين معا)، وبعدها اقرأ لبعض الوقت، ثم أستمع للموسيقى. أنام في الساعة التاسعة مساء. ألتزم بهذا الروتين يوميا دون تغيير. يتحول التكرار إلى أمر بالغ الأهمية مع مرور الوقت ويصير ضربا من ضروب السحر. ألقي على نفسي تعويذة سحرية لأصل إلى مستويات أعمق من عقلي. وجدير بالذكر أن الالتزام بهذا الروتين لفترة طويلة ستة أشهر أو سنة يتطلب قوة ذهنية وصحة بدنية. لذا تعتبر كتابة رواية طويلة بالنسبة لي تمرين لقدرتي على البقاء حيا في ظروف غير مواتية. وأؤكد أن القوة الجسدية ضرورية ضرورة الحساسية الفنية.,8
اسمح لي بسؤالك عن شخصيات أعمالك. إلى مدى تصير الشخصيات حقيقية في أثناء عملك عليها هل تجد أي أهمية في أن يكون لها حياتها المستقلة عن القصة والسرد الروائي,3
أميل إلى مشاهدة الناس الحقيقين في حياتي عند خلقي للشخصيات الجديدة في كتبي. لا أحب التكلم كثيرا، وأحب الاستماع لقصص الآخرين. لا أصنف الناس ولا أحكم عليهم، أحاول قدر المستطاع أن أفكر فيما يشعرون وإلى أين يذهبون بحياتهم. أجمع بعض الحقائق للشخصية من هذا الرجل وأخرى من تلك الفتاة. لا أدري ما إذا كان فعلي هذا معقول أم لا، ولكني أرى شخصيات أعمال الروائية حقيقية أكثر من الأشخاص الحقيقيين، وخلال الشهور الستة أو السبعة التي أكتب فيها عملا ما، تكون هذه الشخصيات في داخلي. كأنني كون في ذاتي.,8
نجد أن شخصياتك الرئيسية عادة ما تكون انعكاس لوجهة نظرك في العالم الفانتازي لقصصك ولسردك، كأن تكون أنت الحالم في الحلم.,2
أرجو منك أن تفكر بالأمر كالآتي لدي أخ توأم. وعندما كنت في الثانية من عمري، اختطف أخي، وأخذ إلى مكان بعيد ولم نره من وقتها. أفكر دائما في الشخصيات الرئيسة كأنها أخي. نعم هي جزء مني ولكنها ليست أنا، ولم نر بعضينا منذ زمن سحيق. كأن يكون لي وجود بديل. من ناحية بيولوجية، نحن توأم ونتشارك نفس الدنا ()، ولكن الظروف المحيط بكل منا شكلتنا بطريقة مختلفة، وعليه فإن طريقة تفكيرنا بالعالم تختلف. وفي كل مرة أشرع فيها بكتابة رواية، أكون شخصا آخر، لأني في بعض الأحيان أكون متعبا من نفسي. يتيح هذا الخيار لي الهرب. أنظر إلى الكتابة كأنها عالم خيالي بديل، ولو لم يكن للمرء ملجأ خيالي، فلماذا عساه يكتب,8
استفسار آخر عن رواية أرض العجائب الحارة. ثمة نوع من التناسق فيها وصفة رسمية إلى حد ما، كما أنها تتميز بنوع من الدقة غير الموجودة في أعمالك اللاحقة مثل يوميات طائر الزنبرك. هل تغيرت أفكارك عن وظيفة وأهمية النسق الروائي في مرحلة ما,2
نعم. لم تنشر أول روايتين لي خارج اليابان، وهذا نابع من رغبتي في ذلك، فهي أعمال غير ناضجة، وأراها كتب صغيرة من وجهة نظري. كانت أعمال رديئة، إن صح التعبير.,8
ما المشكلة فيها,1
كنت أحاول في أعمالي الأولى تقويضتفكيك الرواية اليابانية التقليدية، وما أقصده بالتقويضالتفكيك هنا، أي إلغاء تقاليدها الداخلية والمحافظة على إطارها المرجعيشكلها الخارجي. تعين علي بعدها ملأ هذا الإطار بمحتويات جديدة وأصلية. واكتشفت طريقة التعبئة الناجحة في كتابي الثالث، مطاردة الخراف الجامحة في عام . ساعداني أول كتابين في الوصول إلى الكتاب الثالث، وليس أكثر. أعتبر رواية مطاردة الخراف الجامحة البداية الأساسية لأسلوب كتابتي الخاص.,9
ومنذ ذلك الوقت، يزداد عدد صفحات كتبي الواحد تلو الآخر، وتصير بناها أكثر تعقيدا مع الزمن. كلما كتبت كتابا جديدا، أسعى لتدمير البنية السابقة التي استخدمتها، ولبناء شيء جديد. وأضع في كل مرة موضوع جديد أو قيود جديد أو رؤية جديدة في داخل الكتاب. أبقى واعيا طوال الوقت للبنية. وإذا تغيرت البنية، يتعين علي تغيير الشكل النثري بالتوازي. أما إذا كررت ما أفعله دائما تماما، فسيصيبني هذا بالملل.,8
ولكن كما تغيرت كثير من عناصر كتابتك، بقي بعضها حتى هذه اللحظة. تروى أعمالك دائما بضمير المتكلم. ويوجد في كل رواية شخصية رجل متعدد العلاقات الجنسية، وفي كل الروايات تكون علاقته تجاه النساء سلبية بحيث تكون هاته النساء تعبيرا عن مخاوفه وأوهامه.,1
في كتبي وقصصي، تكون النساء أوعية أو شخصيات مضيفة إلى حد ما، وتكون وظيفتها أن تسمح لأمر ما بالتجسد عبر شخصياتها. تصير المرأة في هذه الحالة نظاما يجب تجريبه. تقاد شخصية البطل في أعمالي دائما إلى مكان أو كشف ما عبر هذا الكائن الوسيط، وتكون رؤاه ومعرفته عن العالم معروضة للقارئ عبر المرأة نفسها.,9
أتقصد استخدام فكرة المرأة وسيطا كما كانت في العصر اليكتوري وسائط جسدية,3
أنظر إلى الجنس على أنه التزام روحي، فلو كان الجنس ماتعا، ستشفى جروحك، وسيصير خيالك خصبا. أرى في الجنس طريقا وممرا إلى المناطق العليا من العقل، إلى أماكن أفضل. وبناء على هذا، تكون شخصيات النساء في قصصي وسيطة ومبشرة بالعالم القادم، ولهذا تكون هي من تأتي إلى البطل، وليس هو من يذهب إليهن.,9
يبدو أنه يوجد نوعان متمايزان من النساء في رواياتك أولئك اللواتي يكون فيها البطل على علاقة جدية معهن، وغالبا ما تختفي هذه النساء وتلاحقهن الذاكرة وأولئك اللواتي يأتين متأخرات في حياة البطل ويساعدنه في البحث أو على النسيان. وتميل نساء النوع الثاني ليكن صريحات وغريبات أطوار وواضحات جنسيا، ويتفاعل الكاتب معهن بدفء وحس فكاهي أعلى مما يتفاعل مع النساء المفقودات واللواتي لم يتمكن من التواصل معهن على أي مستوى من المستويات. ما الهدف من استخدام هذه القوالب,2
غالبا ما تكون شخصية البطل في أعمالي عالقة بين العالم الروحي والعالم الحقيقي. تكون النساء -أو الرجال- في العالم الروحي هادئات وذكيات وحكيمات ومتواضعات. أما في العالم الحقيقي، فالنساء نشيطات جدا وخفيفات وحاضرات، ولهن حس فكاهي واضح، وتنقسم الشخصية بين هذين العالمين المتمايزين ولا يعود بإمكانها الاختيار. أعتقد أن هذه إحدى أهم المواضيع الرئيسة في أعمالي. ويمكنك أن تجدها جهارا نهارا في رواية أرض العجائب الحارة، حيث ينقسم عقل البطل فعليا وجسديا. الأمر نفسه ينطبق على الغابة النرويجية، حيث توجد فتاتان ولا يمكن للبطل أن تختار فيما بينهن، منذ بداية الرواية وحتى آخرها.,9
أتعاطف دائما مع الفتاة ذات الحس الفكاهي. من الأسهل السماح للقارئ بالدخول في علاقة يكون الحس الفكاهي فيها هو العامل الرئيس، ويكون من الصعب أن تقنع القارئ بشخصية تحمل مفهوما جديا عن علاقة الحب. في الغابة النرويجية، كنت أقف في صف ميدوري طوال الوقت.,8
أعتقد أن كل القراءة يشاطرونك الرأي، فأغلبهم سيختارون ميدوري، كما أن البطل يختارها في نهاية المطاف، ولكن يبقى جزء كبير منه في العالم الآخر، ولا يمكنه تركه، فهو جزء لا يتجزأ منه. لدى كل البشر جزء مريض في عقولهم. ذلك الفضاء جزء منه. لدى كل منا جزء عاقل في أدمغتنا وجزء مجنون. ويوجد تفاوض دائم بين هذه الأجزاء، حسبما أرى. ويتبدى الجزء المجنون من دماغي واضحا لي وأنا أكتب لا أعتقد أن كلمة مجنون هي الأنسب هنا. الجزء غير العادي أو غير الواقعي. علي العودة إلى العالم الواقعي بالطبع، وأن أختار الجزء العاقل، ولكني إذا لم أمتلك الجزء المجنون أو الجزء المريض، فلن أكون هنا. لأعيد صياغة ما أقول تدعم شخصية البطل امرأتين، وبدون أي منهن، لا يعود بإمكانه المواصلة، وتعتبر رواية الغابة النرويجية خير مثال على ما أفعله في كتاباتي.,3
تبدو الآن شخصية ريكو في الغابة النرويجية أكثر غموضا، فأنا لا أعرف كيف أصنفها لأن لها موطئ قدم في العالمين معا.,8
ريكو نصف عاقلة ونصف مجنونة. وكأنها ترتدي قناعا إغريقيا، لو نظرت إليها من جانب ما، فهي تبدو شخصية تراجيدية، ولو نظرت إليها من الجانب الآخر، فهي شخصية كوميدية، وهو ما يجعلها تماما شخصية رمزية. أحب شخصيتها جدا. كنت مسرورا جدا عندما كتبت شخصية العزيزة ريكو.,7
هل تشعر بانجذاب خاص إلى شخصياتك الكوميدية، مثل ميدوري وماي كاشارا، أكثر من انجذابك إلى الشخصيات مثل ناوكو,2
تستهويني كتابة الحوارات الكوميدية، فهي ممتعة، ولكن لو كانت كل شخصياتي كوميدية، فستكون أعمالي مملة. أستخدم الشخصيات الكوميدية كطريقة لأحافظ على استقراري العقلي، فوجود حس فكاهي أفضل ما يفعل ذلك. ولكي تكون ذا حس فكاهي يوجب عليك أن تكون خفيفا. عندما تكون جادا، فقد تكون غير مستقر، وهنا مشكلة الجدية. أما إذا كنت ذا حس فكاهي، فأنت مستقر، ولكن لا يمكنك خوض الحرب متبسما.,8
كتب كثير من الكتاب هواجسهم وأعادوا كتابتها دون إرادتهم، تماما مثلما فعلت أنت. فأعمال مثل أرض العجائب الحارة ورقص رقص رقص ويوميات طائر الزنبرك وسوتنيك الحبيبة تطلب أن تقرأ كما لو أنها أعمال مختلفة لنفس الموضوعة رجل فقد أو ترك من شخص آخر يثير رغبته، ويصير بعدها مجذوبا بعدم قدرته لنسيانها إلى عالم مواز يبدو وكأنه يقدم له إمكانية استعادة ما كان قد فقده، إمكانية يعرف هو (والقارئ) أن الحياة كما يعرفها يستحيل أن تقدمها. هل توافقني على هذا التوصيف,3
نعم.,0
ما مدى مركزية هذا الهاجس في أعمالك,1
لا أدري لم أواصل كتابة هذه المواضيع. يوجد شخصية في كل كتابات جون إيرفن دائما تكون قد فقدت عضوا من جسدها. لا أدري لم يواصل الكتابة عن الأجزاء المفقودة، ربما هو لا يعرف أيضا. ينطبق الأمر نفسه علي. يفتقد بطل روايتي على الدوام لأمر ما، ويأخذ في البحث عنه، مثل الكأس المقدسة أو مثل شخصية فيلي مارلو.,7
لن تحتاج إلى مستقص إلا إذا فقدت أمرا ما.,2
تماما. عندما يفقد بطل روايتي أمرا ما، تقع على كاهله مسؤولية البحث عنه. يصير البطل مثل أوديسيوس، حيث يواجه الكثير من الأمور الغريبة في رحلة البحث.,7
في طريق عودته إلى البيت.,2
عليه أن ينجو من تلك التجارب، وفي النهاية يجد ما كان يبحث عنه، ولكنه لا يعود متأكدا ما إذا كان ما وجده هو ما فقده. هنا تكمن الموضوعة الثانوية في أعمالي. من أين تأتي هذه الأفكار لا أعلم، إلا أنها تناسبني، وهي القوة الدافعة لقصصي الفقد والبحث ثم العثور. وتكون خيبة الأمل هي الوعي الجديد بالعالم.,6
خيبة الأمل بوصفها طقس للعبور,6
هذا ما أعنيه. تصير التجربة بحد ذاتها معنى. وقد تغير البطل في أثناء خوضه لهذه التجربة، وهذا هو محور العمل. ليس في ما وجده، بل في ما صار إليه.,6
أود سؤالك عن ترجمة أعمالك، بما أنك أنت نفسك مترجم، خصوصا لإدراكك للخطورة التي تنطوي عليها الترجمة. كيف تختار مترجمي أعمالك,2
لدي ثلاثة مترجمين مفضلين، والقاعدة عندي من يأتي أولا، يحصل على فرصة الترجمة. نحن أصدقاء وصريحون ولذلك فهم يقرؤون أعمالي، ثم يقرر أحدهم بأن العمل أعجبه وأنه يود ترجمته، وأعطيه له. وبصفتي مترجما، أعلم أن الحماس للترجمة أهم جزء في العملية، لأن المترجم مهما كان محترفا، لو لم يكن يحب الكتاب لدرجة عالية، فستكون الترجمة رديئة. تتطلب الترجمة جهدا ووقتا كبيرين.,8
ألا يتقاتل المترجمون الثلاثة على أعمالك فيما بينهم,1
البتة. لكل واحد منهم تفضيلاته في النهاية، ولكل منهم شخصية مختلفة. عند الحديث مثلا عن رواية كافكا على الشاطئ، أعجب بها فل، ولكن جاي لم يكن متحمسا لها. فل شخص متواضع ومؤدب. أما جاي فهو صاحب شخصية قوية وشديد الانتباه إلى التفاصيل. ألفريد بوهيمي إلى حد ما ولا أعرف مكانه في هذه اللحظة، فهو قد تزوج امرأة ناشطة من ماينمار. تعتقلهم الحكومة بين الفينة والأخرى. ألفريد شخص لطيف وحر كما يجب أن يكون أي مترجم، إلى الحد الذي يجعله يغير في النص الذي يترجمه أحيانا. هذا هو أسلوبه.,5
كيف تتعاون مع مترجميك حدثني عن سير العملية.,3
يسألونني عن كثير من الأمور في أثناء الترجمة، واقرأ العمل لأول مرة عند تجهيز المسودة الأولى. أقترح عليهم تعديلات أحيانا. النسخة الإنجليزية لرواياتي تحمل أهمية كبيرة لأن بعض الدول الصغيرة، مثل كرواتيا وسلوينيا، تترجمها عن الإنجليزية لا عن اليابانية، وهذا يوجب أن تكون الترجمة دقيقة. أما في أغلب دول العالم فتترجم أعمالي عن النصوص اليابانية الأصلية مباشرة.,8
هل يعكس تفضيلك لترجمة الكتاب الواقعيين مثل كارر ويتزجيرالد وإيرفن ذوقك القرائي أم أن ترجمتك لهم تساعدك في كتابتك كطريقة لغمس نفسك في أسلوب كتابي يختلف عنك,2
كل من ترجمت لهم كتبوا أعمالا تعلمت منها أمرا أو اثنين. وهذا هو أهم ما في الموضوع. أتعلم كثيرا من الكتاب الواقعيين، لأن عملهم يتطلب نوعا من القراءة النقدية المتروية لتكون قادرا على ترجمته، وبإمكاني أن أرى أسرارهم. لو كنت أترجم الأعمال ما بعد الحداثية لكتاب مثل دون ديليو أو جون بارث أو توماس ينشون، فسيحصل صدام جنوني ضد جنونهم. أحب أعمالهم بدون منازع، ولكني عندما أترجم، أختار الكتب الواقعيين.,8
غالبا ما يشار إلى أعمالك على أنها أكثر وأسهل الأعمال اليابانية الأدبية وصولا ومقروئية لدى القارئ الأميركي إلى الدرجة التي صرت فيها أنت نفسك تحمل لقب أحد أشهر الكتاب الغربيين اليابانيين. أود سؤال عن رأيك بعلاقتك بالثقافة اليابانية,2
لا أريد الكتابة عن أجانب في أراضي أجنبية غريبة، بل أريد الكتابة عنا. أريد الكتابة عن اليابان وعن الحياة فيها. وأرى هذا مهم بالنسبة لي. كثير من الناس أخبروني بأن أعمالي ذات مقروئية عالية عند الغربيين، وقد يكون هذا صحيح، إلا أن قصصي تخصني، وليست مغربنة.,8
كثير من مرجعياتك وإشاراتك التي تبدو غربية بالنسبة للأميركيين هي في واقع الأمر جزء لا يتجزأ من المشهد الثقافي الياباني، مثل البيتلز.,3
عند كتابتي عن أناس يأكلون الهامبرغر من ماكدونالدز، يستعجب الأميركيين ويسألون عن سبب أكل هذه الشخصية للهامبرغر بدلا من التوفو، وما لا يدركونه أن أكل الهامبرغر في اليابان أمر طبيعي للغاية.,9
هل بمقدورك الادعاء بأن أعمالك تصور حياة اليابان الحضرية المعاصرة بدقة,4
الطريقة التي تتفاعل فيها الشخصيات وتتحدث وتفكر في أعمالي يابانية للغاية. لم يعترض أي قارئ ياباني إطلاقا على إعمالي تحت ذريعة أن قصصي تختلف عن حياتهم. أحاول على الدوام الكتابة عن اليابانيين. أريد الكتابة عنا وعن تطلعاتنا. هذا هو موضوعي حسبما أظن.,8
ذكرت قبلا في إشارتك إلى يوميات طائر الزنبرك بأنك كنت مهتما بوالدك وبما حصل معه وبكل جيله، ولكن الغريب هو غياب أي عنصر أبوي في الرواية، وفي أي من أعمالك أيضا. كيف يظهر اهتمامك بأبيك في الكتاب,3
كتبت كل رواياتي تقريبا بضمير المتكلم. تتمثل وظيفة بطلي الأساسية في مراقبة الأمور تحدث من حوله، وبالتالي فهو يرى ما عليه رؤيته، أو ما يفترض به رؤيته. تشبه شخصية بطلي شخصية نيك كاراواي في رواية اتسبي العظيم. فهو محايد، وللحفاظ على حياديته، عليه التخلص من علاقته القريبة والتحرر من أي علاقة عائلية رأسية.,9
أعتبر هذا ردي على الحقيقة القائلة أن العائلة تؤدي دورا أساسيا في الأدب الياباني التقليدي. أردت أن أصور بطلي على أنه فرد مطلق ومستقل. وشخصيته بوصفه جوالا في المدينة تساهم في بناء هذا التصور عنه. بطلي شخصية تختار الحرية والعزلة بدلا من الحميمية والروابط الشخصية.,8
وأنا أقرأ قصة الضفدع الخارق ينقذ طوكيو في مجموعتك القصصية الأخيرة، والتي يحصل فيها أن دودة فضائية عملاقة تسكن تحت طوكيو تهدد بتدميرها، لم أتمكن من التوقف عن التفكير في المانغا وأسلوب أفلام الوحوش اليابانية القديمة. كما توجد أيضا في اليابان أسطورة تقليدية عن السمكة القطة العملاقة التي تسكن في خليج اليابان وتستيقظ مرة كل خمسين عاما مسببة زلزالا. هل لهذه الإشارات أي أثر عليك ماذا عن المانغا هل لأي من ذلك علاقة بأعمالك,3
كلا، لا أعتقد بوجود علاقة. لست من معجبي المانغا المهووسين ولم أتأثر بأي مما قلت.,1
ماذا عن الفلكلور الياباني,2
في صغري، سمعت الكثير من القصص اليابانية الفلكلورية والقديمة، ولمثل هذه القصص أهمية كبرى في وقت ترعرع المرء. قد تكون فكرة الضفدع الخارق من مستودع القصص الفلكلورية. للأميركيين مستودع قصصهم وللألمانيين والروسين وهلم جرا. ولكن يوجد مستودع قصص مشترك يمكن للكل أن يرده، مثل رواية الأمير الصغير وماكدونالدز والبيتلز.,8
مستوع الثقافة الشعبية العالمية.,1
للسرديات أهمية بالغة في كتابات اليوم. لا ألقي بالا بالنظريات. لا أهتم بالمفردات. ما يهمني فقط هو السرد والسرد فقط. لدينا الآن نوع جديد من الفلكلور والذي نتج عن عالم الإنترنت. كأن في الأمر كناية ما. لقد شاهدت فيلم المصفوفة وأراه كقصة فلكلورية للعقل المعاصر، ولكن الناس في اليابان قالوا بأنه ممل.,3
هل شاهدت قبلا فيلم هايو ميازاكي المخطوفة يبدو لي أن ثمة تشابهات بينه وبين أعمالك، خصوصا أنه أيضا يتلاعب بالمواد الفلكلورية بطرق معاصرة. هل تستمع بأفلامه,3
كلا. لا أحب أفلام الأنمي. تابعت جزءا قصيرا من الفيلم، ولكنه لم يستهوني. ولا أستمتع بهذا النوع من الأعمال. عندما أكتب رواياتي، تحضرني صورة، وتكون تلك الصورة راسخة للغاية.,7
هل تذهب إلى السينما عادة,1
نعم. طوال الوقت. مخرجي المفضل فنلندي واسمه آكي كوريسماكي. أعجبتني كل أفلامه، لخروجه عن المألوف طوال الوقت.,7
بالإضافة إلى كونه طريف.,1
طريف للغاية.,1
ذكرت آنفا أن الحس فكاهي مهم في المحافظة على الاستقرار العقلي. هل تراه مفيدا في أي أمر آخر,1
أريد لقرائي أن يضحكوا بين تارة وأخرى. يقرأ كثير من اليابانيين كتبي وهم يستقلون القطار. يقضي موظفو الياقات البيضاء المتفانون في اليابان ساعتين يوميا في عمليات التنقل، ويستغلونها في القراءة. ولهذا تطبع أغلب رواياتي في كتابين (جزئين)، لأنها ستكون ثقيلة إذا طبعت في كتابة واحد. تصلني رسائل من قراء يشتكون من أن رواياتي تجعلهم يضحكون وهم في القطارات! الأمر محرج لهم. هذه الرسائل هي الأحب إلى قلبي. بها أعلم أنهم يضحكون وهم يقرؤون كتبي، وهذا أمر جيد. أحب دفع الناس للضحك كل عشر صفحات مرة.,8
أهذه صيغتك السرية,1
لا أحسب الأمر تماما، ولو تمكنت، فسيكون عظيما. أحببت قراءة أعمال كيرت فونت وريتشارد بروتيان في سنين الجامعة. تمكنوا من إظهار حسهم الفكاهي مع أن أعمالهم كتبت بقدر كبير من الجدية. تستهويني هذه الكتب. المرة الأولى التي قرأت فيها فونت وبروتيان، تفاجأت أن مثل هذه الكتب موجودة أصلا! كان الأمر أشبه باكتشاف العالم الجديد.,6
ولكنك لم تحاول أن تكتب أعمالا مثلها,1
أرى هذه الحياة المدينية الحضرية على أنها مهزلة. أجهزة تلفاز بأكثر من قناة، والأغبياء في الحكومة نحن نعيش ملهاة، ولذلك أحاول أن أكون جديا، وكلما زدت من جديتي، صرت هزليا أكثر. كنت جادا للغاية وأنا في التاسعة عشرة من عمري بين عامي و. كانت أوقاتا جدية، واعتاد الناس وقتها فكرة المثالية.,9
من المدهش أن روايتك الغابة النرويجية، والتي تدور أحداثها في تلك الفترة، أن تكون أقل أعمالك فكاهة.,2
يمكن أن تستنتج من ذلك أن جيلنا جيل جدي، ولكن عندما تتذكر تلك الأيام ستراها هزلية للغاية! عشنا أوقاتا غريبة، ولذلك فنحن جيلي معتادون على الأمر.,7
يعد عدم جلب الاهتمام إلى العناصر الفانتازية في قصتك أحد أهم القواعد المحورية للواقعية السحرية، ولكن تجاهلت هذه القعدة شخصياتك تعلق دائما على غرابة خط سير القصة وتحفز القارئ ليلاحظها. ما الهدف من ذلك ولماذا,1
سؤالك لذيذ. دعني أفكر فيه أعتقد أن هذا ينبع من ملاحظتي لغرابة العالم. يختبر أبطالي ما أختبره في أثناء كتابتي للقصة، وهو ما يختبره القارئ أيضا خلال قراءته لأعمالي. يكتب غارثيا ماركيز وكافكا أدبا أدبا كلاسيكيا، أما قصصي فهي حقيقية ومعاصرة وتحتوي في داخلها تجربة ما بعد حداثية. فكر في قصصي على أنها موقع تصوير أفلام، بحيث تكون كل الأدوات المساعدة على تصوير الفيلم موجودة الكتب في الأرفف على الحائط، ولكنها مزيفة، فالحيطان مصنوعة من الورق. من ناحية الواقعية السحرية، تكون الحيطان والأرفف حقيقية، ولكن لو كان أي شيء زائف في رواياتي، فأحب أن أشير إلى أنه زائف. لا أريده أن يؤدي دوره كعنصر حقيقي.,8
لنواصل استخدم استعارة موقع تصوير الفيلم، ألا يظهر سحب الكاميرا إلى الوراء قليلا باقي الاستديو,1
لا أريد إقناع القارئ بأن الحيطان والأرفف حقيقية، أريده أن يراها كما هي. أرغب بتذكير القارئ بأنه يقرأ قصة، قصة زائفة. لكنك حين تختبر الزائف على أنه حقيقي، يصير حقيقيا. يصعب الشرح أكثر من ذلك.,8
في القرن التاسع عشر وبدايات القرن العشرين، قدم الكتاب للقراء العالم الحقيقي كما هو، وكذا كانت مهمتهم. في رواية الحرب والسلام يصف تولستوي أرض المعركة للدرجة التي يراها القارئ أمامه حقيقة. لا أريد أن أكتب بهذه الطريقة. لن أتظاهر بأن المشهد حقيقي. نعيش في عالم زائف، ونشاهد أخبارا مسائية زائفة ونخوض حربا زائفة. حكومتنا زائفة. إلا أننا نعثر على الحقيقي في هذا العالم الزائف. وعلى قصصنا أن تكون هكذا، أن نمشي في وسط مشاهد زائفة، ولكنا نحن، وفي أثناء مشينا بين هذه المشاهد، حقيقيون. المواقف حقيقية، بمعنى أن ثمة التزام يتولد وعلاقة حقيقية معها. هذا ما أريد الكتابة عنه.,2
نجدك في أعمالك تعاود كتابة تفاصيل الحياة العادية والمملة.,1
تستهويني التفاصيل. كان تولستوي يكتب التفاصيل بشمولها، أما أنا فأركز كتابة التفاصيل على مساحة غاية في الصغر. بوصفك لتفاصيل الأمور الصغيرة، يصير تركيزك مشحوذا أكثر، ولكن في حالة تولستوي، يحصل العكس، تصير الحالة غير حقيقية. هكذا أريد لكتاباتي أن تكون.,8
أن تركز عن قرب إلى الدرجة التي تتجاوز فيها منطقة الواقعية ومنطقة الحياة اليومية بحيث يصير الابتذال غريبا,8
كلما اقتربت أكثر، تبتعد عن الواقع أكثر. هذا أسلوبي.,8
ذكرت آنفا أن كافكا وغارثيا مركيز يكتبون الأدب، وهذا يأتي على النقيض من أعمالك، ألا تعتبر نفسك كاتبا للأدب,5
أكتب الأدب المعاصر، والذي يختلف تمام الاختلاف عما كتبوه. في عصر كافكا مثلا، لم يكن لديهم إلا الموسيقى والكتب والمسرح، أما الآن فلدينا الإنترنت والأفلام وتأجير أشرطة الفيديو والكثير من وسائل التسلية. صارت المنافسة على انتباه الناس عالية في عصرنا، والمعضلة الرئيسية التي تواجهنا جميعا هي الوقت في القرن التاسع عشر، كان لدى الناس أتحدث عن الطبقة الغنية الكثير من الوقت ليضيعوه، ولذلك كانوا يقرؤون الكتب الكبيرة. اتجهوا إلى الأوبرا وجلسوا فيها لثلاث أو أربع ساعات. سيكون من العظيم لو قرأ الناس رواية موبي ديك أو أعمال دوستويفسكي، ولكن لا وقت لديهم. نتيجة لكل ما قلته، لقد تغير وجه الأدب جذريا، وصار علينا أن نمسك الناس من تلابيبهم وأن ندفعهم للقراءة. صار كتاب الرواية المعاصرون يلجؤون إلى تقنيات من أجناس وأنواع فنية أخرى مثل الجاز وألعاب الفيديو غيرها في أعمالهم. أعتقد أن ألعاب الفيديو الآن الأقرب إلى الروايات من أي أمر آخر.,9
ألعاب الفيديو,0
نعم. عن نفسي، لا أحب ألعاب الفيديو، ولكني ألاحظ التشابهات بينها وبين الرواية. أشعر في أثناء كتاباتي بأني أصمم لعبة فيديو، وفي الوقت نفسه، أشعر بأني اللاعب. صممت برنامجا، وصرت في داخله، ولا يعرف ساعدي الأيسر ما يفعله ساعدي الأيمن. ثمة انفصال واقع. شعور بالانشطار.,6
هل تحاول أن تقول بأن وعلى الرغم من عدم معرفتك لما يحصل من أحداث في أثناء الكاتبة، إلا أن جزءا منك يعرف ما سيحصل,1
بشكل غير واعي أعتقد. لحظة انغماسي في الكتابة، أعرف بشعور المؤلف وأعرف بشعور القارئ، وهو ما يمنحني سرعة في الكتابة، لأني أرغب بمعرفة ما سيحصل تاليا بقدر ما يرغب القارئ، ولكن يجب عليك إيقاف تدفق التيار في بعض الأحيان، مثلا، لو كان سريعا للغاية، سيتعب الناس وسيملون. ينبغي لك أن تساعدهم على التوقف في بعض المراحل.,8
وكيف تفعل ذلك,1
يراودني شعور. أعرف أن الوقت صار مناسبا للتوقف.,8
كيف تستفيد من الجاز والموسيقى بشكل عام في أعمالك,2
بدأت بالاستماع إلى الجاز منذ كنت في الثالثة عشرة من عمري، وللموسيقى تأثير كبير قوي علي الأوتار، الألحان، الإيقاع، وتعينني موسيقى البلوز على الكتابة. رغبت في الماضي بخوض تجربة الموسيقى، ولكني لم أتمكن من العزف على الآلات بدقة، فصرت كاتبا. ثمة تشابه بين كتابة رواية وعزف آلة موسيقية أبدأ أولا بعزف المقدمة، ثم آخذ بالارتجال، وبعدها تكون الخاتمة.,8
في مقطوعات الجاز التقليدية، تعزف المقدمة مرة أخرى في الخاتمة، هل تفعل المثل,2
بين الفينة والأخرى. أنظر للجاز على أنه رحلة رحلة ذهنية. رحلة لا تختلف عن الكتابة.,7
من هم مغنو الجاز المفضلين لديك,2
كثيرون! أحب ستان يتس ويري موليان، لأنهم كانوا في سنين مراهقتي من أفضل الموسيقيين. أحب أيضا الاستماع إلى مايلز دافيز وتشارلي باركر. ولو سألني لمن أستمع أكثر، فستكون إجابتي مايلز في فترة الخمسينات والستينات. طالما كان مايلز بديعا، والتزم بثوراته الفنية أحبه جدا.,8
هل تستمع لكولترين,3
نعم ولا. فهو يبالغ أحيانا، ويصير ملحاحا.,8
هل تستمتع لأي أنواع موسيقية أخرى,1
أحب الموسيقى الكلاسيكية، وخصوصا الموسيقى الباروكية. وفي كتابي الجديد كافكا على الشاطئ، يستمع بطلي إلى موسيقى راديوهيد ورينس.,8
كما هو متوقع.,0
قرأت قبل فترة الملاحظات على ألبوم لراديوهيد، وقال أنه معجب بكتبي، وكنت فخورا جدا بهذا.,0
هل لك أن تخبرني ببعض المعلومات عن كافكا على الشاطئ,3
أكثر كتبي تعقيدا حتى اللحظة. أكثر تعقيدا من يوميات طائر الزنبرك، ويكاد يكون مستحيلا شرحه.,8
في الرواية قصتين تسيران بالتوازي. بطل الرواية صبي عمره سنة، واسمه الأول كافكا. في القصة الأخرى، يكون بطل القصة قد بلغ سنة من العمر، وأمي لا يقرأ ولا يكتب. كائن بسيط، ولكن بوسعه التحدث مع القطط. أما كافكا الطفل، فيكون والده قد لعنه لعنة أوديبية ستقتلني أنا أبوك، وستمارس الجنس مع أمك. ويهرب الطفل من والده ليهرب من اللعنة، ويذهب إلى مكان سحيق، ويبدأ باختبار عالم غريب للغاية وغير واقعي، عالم يشبه الأحلام.,8
من ناحية المبنى، فهي تشبه أرض العجائب الحارة ونهاية العالم وتحاول التنقل بين العالمين، بين الفصل والآخر، بين القصتين,5
أصبت. في البداية كنت أحاول كتابة جزء ثان لـ أرض العجائب الحارة ونهاية العالم، ولكن قررت لاحقا كتابة قصة مختلفة تماما، إلا أنهما تتشاركان الروح نفسها. وموضوع الرواية وجود العالم الحالي وعالم آخر وكيف يمكنك التنقل بينهما.,7
يشوقني ذلك لقراءة الرواية لأن أرض العجائب الحارة ونهاية العالم هي الرواية المفضلة لدي من بين أعمالك.,2
والمفضلة لي أيضا. رواية كافكا على الشاطئ طموحها السماء أيضا، لأن الأبطال في كل أعمالي يكونون في سنين العشرين أو الثلاثين، ولكن في هذا الرواية، يبلغ البطل عاما فقط.,8
مثل هولدن كولفيلد,1
أصبت. استمعت جدا بكتابة القصة، حيث تذكرت نفسي وأنا في الخامسة عشرة من عمري. أرى أن الذاكرة أهم مورد لدى الكائن البشري، لأنها وقود الروح، تحترق، فتشرح صدرك. ذاكرتي تشبه الخزانة بها العديد من الأدراج، وإذا رغبت في العودة إلى سن الخامس عشر أفتح درجا محددا، وأرى المشاهد التي رأيتها وأنا طفل في كوبه. أشم الهواء وألمس الأرض وأرى خضار الأشجار. ولهذا أردت كتابة هذه الرواية.,8
لتعود إلى تصوراتك عن العالم وأنت في الخامسة عشرة من عمرك,8
ما أهمية نشأتك في كوبه وليس في أي مكان آخر في اليابان على أسلوبك الجديد في الكتابة تسبق كوبه سمعتها بأنها مدينة عالمية مركزية.,3
الناس في كيوتو أغرب من الناس في كوبه! فهم محاطون بالتلال، وبالتالي عقليتهم تختلف.,7
ألم تولد أنت في كيوتو,2
بلى، ولكننا انتقلنا إلى كوبه وأنا في الثانية من عمري، وعليه، فأنا من كوبه. مدينة بحرية متاخمة لقطاع من التلال. لا أحب طوكيو، فهي مدينة مسطحة وواسعة وشاسعة. لا أحب الذهاب إليها.,6
ولكنك تعيش فيها! أجزم أن بإمكانك العيش في أي مكانه تحبه.,2
لأن هذا المكان يمنحني فرصة أن أكون مجهولا. الأمر نفسه ينطبق على نيويورك. لا أحد يعرفني في أي مكان. بمقدوري أن أستقل القطار، ولا يتعرف علي أحد. لي منزل في قرية صغيرة في ريف طوكيو، والكل يعرفني هناك. كلما خرجت للمشي، يعرفني الناس، ويكون الأمر مزعجا أحيانا.,8
ذكرت قبلا ريو موراكامي. يبدو أنه له خطة كتابية تختلف تماما عنك.,4
أكتب أنا بالأسلوب ما بعد الحداثي، أما هو فيكتب في الاتجاه السائد. ولكني عندما قرأت روايته أطفال خزانة النقود لأول مرة، صدمني العمل وقررت أن أكتب رواية قوية مثلها، وبعدها بدأت في كتابة مطاردة الخراف الجامحة. بيني وبينه تنافس من نوع ما.,7
هل تربطكما صداقة,2
تربطنا علاقة جيدة. لسنا أعداء، على الأقل. فموهبته طبيعية وقوية. كما لو أن لديه بئر نفط قريب في عقله. أما أنا، فبئري غائر في الأعماق، وكان علي أن أحفر وأحفر. تعبت كثيرا وأستغرق الأمر مني وقتا، ولكني وصلت إليه، وبعدها صرت أقوى وأكثر ثقة بنفسي. صارت حياتي منسقة ومرتبة. استمتعت بالحفر على هذا العمق.,7
العدد ، .,0
اريس رييو,0
ترجمة أنس سمحان,0
كالعادة مقال موفق وبل اكثر من رائع ، ما قريت للكاتب الياباني هاروكي بس هالمقال و بالذات هاي الجمل شجعتني لأقتني كتبه وأقرأ له . - كان بمقدوري الذهاب إلى سان بطرسبرغ أو إلى هوليوود الغربية إذا رغبت في ذلك. هنا تتمثل قوة الرواية، تهديك القدرة للسفر إلى أي مكان. الغرابة التي أشعر بها وأنا في الولايات المتحدة الأميركية تختلف عن الغرابة التي تنتابني في اليابان. كان الإحساس بها في أميركا واضحا ومباشرا وأعطتني تقديرا أوضح لنفسي. أؤمن أن عملي يقوم على ملاحظة الناس والعالم لا الحكم عليهم. آمل دائما في موضعة نفسي بعيدا عن الأحكام والخلاصات. أريد أن أترك الأمور مفتوحة على كل الاحتمالات في العالم وأشاركه الشعور نفسه. لا تعني النهايات شيئا إطلاقا. تتجسد عظمة الكتابة في أنها تمنحك القدرة على الحلم مستيقظا. وهي القوة الدافعة لقصصي الفقد والبحث ثم العثور. وتكون خيبة الأمل هي الوعي الجديد بالعالم. تغير البطل في أثناء خوضه لهذه التجربة، وهذا هو محور العمل. ليس في ما وجده، بل في ما صار إليه أحب دفع الناس للضحك كل عشر صفحات مرة.,0
لن يتم نشر عنوان بريدك الإلكتروني. الحقول الإلزامية مشار إليها بـ,0
التعليق,0
الاسم,0
البريد الإلكتروني,0
الموقع الإلكتروني,0
احفظ اسمي، بريدي الإلكتروني، والموقع الإلكتروني في هذا المتصفح لاستخدامها المرة المقبلة في تعليقي.,0
اسم المستخدم أو البريد الإلكتروني,0
كلمة المرور,0
تسجيل الدخول,0
الأخبار,0
اقرأ,0
تك,0
فـن,0
تعليم,0
الموسوعة,0
شاهد,0
ملهمون!,0
مدونات,0
قوائم,0
افضل الافلام,0
أكشن,0
رعب,0
أنمي,0
خيال العلمي,0
الكوميديا,0
دراما,0
تشويق واثارة,0
هندية,0
كوميكس,0
وثائقية,0
نتفلكس,0
فانتازيا والمغامرات,0
رومانسية,0
المسلسلات,0
مسلسلات نتفلكس,0
مسلسلات تركية,0
مسلسلات سورية,0
مسلسلات كورية,0
مسلسلات مصرية,0
أفضل مسلسلات,0
أفضل أفلام,0
كادجيب,0
هواتف,0
أفضل هواتف,0
سامسونج,0
هواوي,0
آيفون,0
شاومي,0
أجهزة لوحية,0
لابتوبات,0
سماعات,0
سيارات كهربائية,0
طابعات,0
كاميرات,0
ألعاب,0
كتب,0
روايات,1
تريند,0
الاسم الكامل,0
الاسم باللغة الانجليزية,0
الوظائف,0
"كاتب , مترجم",0
تاريخ الميلاد,0
يناير,0
الجنسية,0
يابانية,1
مكان الولادة,0
"اليابان , كيوتو",0
البرج,0
الجدي,0
الحسابات الاجتماعية,0
روائي ومترجم ياباني شهير، حصدت أعماله العديد من الجوائز العريقة. من أشهر أعماله الغابة النرويجية، وكافكا على الشاطئ.,10
هاروكي موراكامي روائي ومترجم ياباني، حازت أعماله الخيالية والواقعية على ثناء النقاد حول العالم وليس في اليابان فحسب. يعتبر من أهم مؤلفي مرحلة ما بعد الحداثة الأدبية، وتتميز أعماله بالسيريالية والعدمية. فغالبا ما تتحدث أعماله عن الوحدة والغربة. وقد حصد العديد من الجوائز العريقة، مثل جائزة فرانز كافكا ، وجائزة فرانك أوكونور الدولية للقصة القصيرة ، وجائزة القدس .,10
ومن العجيب أن موراكامي لم يحلم أبدا بأن يصبح كاتبا، بل دخل إلى مجال الكتابة الأدبية بمحض الصدفة. بعد انتهاءه من دراسة الدراما، افتتح مقهى ولم يخطر بباله أبدا أن يعمل في مجال الكتابة. وأثناء مشاهدته لإحدى مباريات البيسبول، داهمه الإلهام لكتابة رواية، ومنذ ذلك الوقت لم يتوقف عن الكتابة. كانت أولى روائعه الأدبية عبارة عن رواية من صفحة، شارك بها في مسابقة للكتاب الجدد. فاز حينها بأول جائزة أدبية له، مما دفعه لكتابة المزيد من الروايات.,10
سرعان ما أغلق المقهى الخاص به، واتخذ من الكتابة مهنة دائمة. واليوم يعد أحد أعظم الكتاب الأحياء على وجه الأرض، كما وصفته بذلك جريدة الجارديان .,10
ولد هاروكي موراكامي في يناير ، في اليابان عقب الحرب العالمية الثانية، لوالدين كلاهما يعمل في تدريس الأدب الياباني. في طفولته، كان يقرأ الأعمال الأدبية لعدة كتاب أمريكيين، أمثال كيرت فونجيت ، ريتشارد بروتيجان ، وجاك كيرواك .,10
وقد تأثر بشدة بالثقافة الغربية منذ سن مبكرة، وغالبا ما يظهر هذا التأثير في أعماله الأدبية، مما يفرقه عن الكتاب اليابانيين الآخرين.,10
درس الدراما بجامعة واسيدا في طوكيو.,10
بدأ عمله في محل للتسجيلات، ثم افتتح مقهى بطوكيو بمشاركة زوجته في عام .,10
في عام ، وأثناء مشاهدته لمباراة بيسبول باستاد جينجو، داهمه الإلهام لكتابة رواية.,10
"فشرع حينها في الكتابة، وانتهى من تأليف رواية ""استمع للرياح تغني "" المكونة من صفحة في الخريف من نفس العام، وشارك بها في مسابقة للكتاب الجدد والتي فاز فيها، ونشرت الرواية في العام التالي.",10
"نشرت روايته الثانية "", "" في عام . تدور الرواية حول مواضيع الوحدة والصداقة والقدر وتم ترشيح الرواية لجائزة أكوتاجاوا .",10
ومع النجاح الذي حققته أولى رواياته، قرر أن يواصل عمله في الكتابة بشكل دائم وباع المقهى الخاص به.,10
"في عام ، أصدر رواية ""مطاردة الخراف الجامحة ""، والتي شكلت مع الروايتين السابقتين سلسلة ""ثلاثية الفأر "".",10
"وخلال الأعوام القليلة اللاحقة، سافر مواركامي إلى مدينة فوجيساوا ، ثم إلى مقاطعة سنداجايا . في عام ، نشر رواية ""أرض العجائب الحارة ونهاية العالم ""، وهي رواية غريبة وسريالية، تنقسم بين روايات متوازية.",10
"وفي غضون عامين، أصدر رواية ""الغابة النرويجية "" عام . تدور أحداث الرواية في طوكيو في أواخر الستينات، وهي الحقبة التي تظاهر فيها الطلاب اليابانيون ضد النظام الحاكم. حازت الرواية على شهرة واسعة بين الشباب.",10
في أواخر الثمانينات، استاء موراكامي من المناخ الاجتماعي في اليابان ومن شهرته المتزايدة هناك، فأقام مؤقتا بأوروبا لعدة سنوات، ثم انتقل إلى الولايات المتحدة الأمريكية في عام .,10
أقام بولاية نيوجيرسي ، وعمل باحثا مساعدا بجامعة برنستون . تمت ترقيته إلى أستاذ مساعد بالجامعة في عام . ثم بدأ التدريس في جامعة ويليام هوارد تافت في عام .,10
موركامي متزوج من يوكو التي التقى بها لأول مرة أثناء دراستهما بجامعة واسيدا.,10
"في عام ، تبرع بمبلغ , يورو قيمة جائزة كاتالونيا الدولية التي حصل عليها، لصالح ضحايا زلزال مارس وتسونامي.",10
"بدأ في كتابة روايته الأولى باللغة الإنجليزية، قبل أن يكتبها أخيرا باللغة اليابانية. لم يرغب في ترجمة أول روايتين له إلى اللغة الإنجليزية في البداية. يعمل مترجما، ومع ذلك لم يترجم أي من رواياته يكتب بدون تخطيط. يهتم بشدة برأي زوجته. مازال مندهشا من النجاح الأدبي الذي حققه. لا يعلم حجم الأرباح التي يحققها كل عام؛ فزوجته هي التي تتولى إدارة الأمور المالية. رواية ""الغابة النرويجية"" كانت مجرد تجربة.",10
لم أرغب في أن أصبح كاتبا، ولكنني صرت كذلك. والآن لدي العديد من القراء في العديد من البلدان. أعتقد إنها معجزة، والتي علي أن أتواضع أمامها. أنا فخور بذلك واستمتع به، ومن الغريب أن أقول ذلك، ولكنني أحترمه.,9
إذا كنت تقرأ الكتب التي يقرأها الآخرون فقط، ستفكر فيما يفكر فيه الآخرون فحسب.,9
من ضمن القيم العديدة في الحياة، أكثر ما أقدره هو الحرية.,9
لست سريع البديهة، لكن إذا اهتممت بشيء ما، سأفعله لسنوات عديدة,9
لا مفر من الألم، ولكن المعاناة اختيارية.,9
لا أرغب في التعبير عن رأيي بشأن الأحداث السياسية الفعلية؛ لأنني إذا فعلت ذلك، سيتحتم علي أن أتحمل مسؤولية قراري,0
أغلب الروايات المعاصرة مملة، فهي مليئة بالظلام والمطر، والناس في منتهى الحزن.,2
"في عام ، نشر رواية ""جنوب الحدود وغرب الشمس "".",9
"وأثناء تدريسه بالجامعة، كتب مواركامي عام أحد أرقى أعماله، وهي رواية ""نهاية تاريخ الطائر - "".",10
اختلفت هذه الرواية عن رواياته السابقة، حيث ركزت على جرائم الحرب التي ارتكبها الجيش الياباني في القارة الآسيوية، وصورتها بالكابوس.,9
في عام ، تعرضت مدينة كوبي لزلزال مدمر، كما قامت جماعة أوم شينريكيو الدينية المتطرفة بتنفيذ هجوم على مترو أنفاق طوكيو، مما دفع موراكامي إلى العودة لليابان. وساهمت تلك الأحداث الأليمة في إلهام أعمال موراكامي التالية.,9
"فرواية ""تحت الأرض "" التي نشرت في عام ، تعتبر تصوير واقعي لحادث مترو الأنفاق الإرهابي. ورواية ""بعد الزلزال "" التي نشرت عام ، هي مجموعة من ست قصص قصيرة، تستكشف الآثار النفسية التي خلفها الزلزال لدى سكان اليابان.",9
"أما رواية ""سبوتنيك الحبيبة "" التي نشرت عام ، فتبحث في طبيعة الحب بينما تحكي قصة اختفاء روائي شاب يدعى سومير .",9
"في عام ، صدرت أشهر رواياته ""كافكا على الشاطىء "". وتم نشر الترجمة الإنجليزية لها في عام ، والتي حققت نجاحا مدويا فور صدورها وحصلت على ثناء النقاد وردود فعل إيجابية من القراء.",9
"ونشرت روايته """" في اليابان في ثلاثة أجزاء خلال عامي و، وحققت صدى واسعا فور صدورها. وصدرت النسخة الإنجليزية من الرواية في عام .",9
"يشير عنوان الرواية إلى رواية """" للكاتب جورج أورويل ، وتنتقل هذه الرواية بين شخصيتين بينما يجتازان واقعا بديلا من صنعهم. وتتناول الرواية مواضيعا من الواقع المرير، بداية من أحداث سبتمبر وحتى القصاص المجتمعي.",8
تم تحويل بعض أعمال موراكامي إلى أفلام ومسرحيات. كما كتب عدة قصص قصيرة بالإضافة إلى الروايات، وترجم العديد من الروايات الأمريكية إلى اللغة اليابانية.,10
"في عام ، نشر مذكرات له بعنوان ""ما الذي أتحدث عنه عندما أتحدث عن الجري "" والتي تركز على حبه للركض لمسافات طويلة.",9
حصل موراكامي على العديد من الجوائز العريقة، من ضمنها جائزة فرانز كافكا الدولية للأدب في عام .,10
في عام ، تم اختياره من ضمن أكثر شخصية مؤثرة على مستوى العالم، في القائمة التي تعدها مجلة التايم الأمريكية .,9
آخر تحديث مايو,0
اقتراح شخصية,0
اقتراح تصحيح,0
جميع الحقوق محفوظة أراجيك,0
"""الكتابة كمهنة"" هاروكي موراكامي من صاحب مقهى إلى روائي",10
كل إنسان تباغته لحظة في حياته تحتم عليه تحولا جريئا. وعليه ألا يفلت تلك الفرصة، بل أن يقبض عليها بصلابة. ففي هذا العالم، ثمة نوعان من البشر؛ هؤلاء الذين يستطيعون القبض على اللحظة؛ وآخرون لا يفلحون في ذلك مطلقا. هاروكي موراكامي، الكاتب الياباني الشهير الذي انقسمت الآراء حول قيمة أعماله انقساما حادا، ينتمي إلى الفئة الأولى، كما سبق أن حكى مرارا وتكرارا، مثل طفل لم تفارقه الدهشة حيال ما اكتشفه عن طبيعته شديدة الوثوق بنفسها في شيء لم يجربه من قبل، ألا وهو الحكي.,8
"حين تباغتك الكتابةلم يكن موراكامي يطمح يوما أن يكون روائيا، إذ كان غارقا حتى أذنيه في إدارة مقهاه في طوكيو؛ يتابع حساباته، ويتفقد مخزونه يوما بيوم، إلى جانب جدولة أوقات عمل موظفيه، ومتابعة التفاصيل المستهلكة ليومه، وتفكيره حد الإنهاك إلى أن يحين وقت إغلاقه بنفسه مع تباشير الصباح. وهكذا دواليك. لكن هذا لم يمنعه من متابعة شغفه بالرياضة بين الحين والآخر، وفي إحدى مباريات البيسبول في ملعب جينغو القريب من شقته كان صاحب مقهى الجاز البالغ من العمر عاما يجلس مضطجعا كعادته، ملتذا برشفات منعشة من بيرته الباردة، بينما يتأمل السماء الزرقاء المتلألئة، والكرة الناصعة البياض في مقابل الحقل الأخضر، والتي راح اللاعب الجديد يصدها ببساطة، فيما يسدد ضربته ببراعة مذهلة... في تلك اللحظة الكاشفة، ومن دون أي مقدمات، أدهشه فجأة ذلك الخاطر الغريب ""أعتقد أنني أستطيع كتابة رواية"". ومن دون أدنى تردد، غادر موراكامي الملعب الضاج بصوت اصطكاك المضارب وهو في حالة من الذهول، ولم يفته في طريق عودته إلى منزله أن يشتري قلم حبر غالي الثمن يليق بمهمته الجديدة، ورزمة من الورق الأبيض. وكأن غلاء ثمن القلم مرتبط بقيمة الكلمات التي قرر أن يناوشها في تلك الليلة، وهو ما عده في عقليته التجارية آنذاك ""نوعا من الاستثمار الصغير"".",9
"حدث هذا في ربيع عام . وبحلول الخريف، كان قد نجح في كتابة مسودة روايته الأولى ""أنصتوا لصوت الرياح حين تغني""، ما غمره بالبهجة والثقة، ودفعه إلى إرسالها إلى مسابقة للكتاب الجدد. ولحسن حظه، فازت الرواية بالجائزة. من هنا انطلقت مسيرته الإبداعية التي يصفها على النحو التالي ""كنت حينها في الثلاثين. ومن دون أن أدرك ما يحدث، وجدت نفسي أصنف ككاتب جديد واعد، وهو ما أدهشني حقا، لكن الأشخاص الذين يعرفونني كانوا أكثر اندهاشا مني"".من حينها، وعلى مدار أربعة عقود، تدفقت أعمال موراكامي بمعدل ثابت من الروايات، والقصص القصيرة، والمقالات، وحتى الترجمات، وحققت نجاحا باهرا، حيث تصدرت قوائم أفضل الكتب مبيعا، سواء على الصعيد المحلي، أو العالمي، وترجمت إلى أكثر من لغة، وحازت على عدد من الجوائز المرموقة، منها جائزة عالم الفنتازيا، وفرانك أوكونور، وجائزة كافكا، وغيرها كثير من الجوائز. وما إن رسخت قدماه في عالم الكتابة، وبات نجاحه أمرا لا لبس فيه، حتى شرع في كتابة شذرات عن سيرته الذاتية منذ عام ، استهلها بكتاب قصير عن عاداته كعداء تحت عنوان ""عما أتكلم حين أتحدث عن الركض""، أتبعه بمقال طويل عن والده، ثم ملخص مصور لمجموعة قمصانه، وأخيرا كتابه الذي نشر في اليابان تحت عنوان ""الروائي كمهنة"" عام ، وصدر في منتصف نوفمبر تشرين الثاني ، بترجمة كل من فيليب غابرييل، وتيد جوسين، عن دار هارفيل سيكر للنشر.",9
عشت لأحكي...أثار كتاب موراكامي موجة جديدة من الانقسامات بشأنه، فبينما وجده البعض مخيبا لآمال الكاتب الناشيء الذي يتوجه إليه في الأساس بالنصح والإرشاد، بالإضافة إلى تكريسه المستفز لتجربته فحسب، كمرجع أساسي في الكتابة، ارتأى كثير من القراء والنقاد أنه من الأهمية بمكان بحيث يصعب تفويته، سيما لهؤلاء الذين يفتشون عن منابع الإلهام في أعمال موراكامي الرائجة والغامضة على حد سواء، بصرف النظر عن انكفاء موراكامي على تجربته الشخصية التي لا تخلو من المبالغة والغرائبية بما يدعو للاستنكار في معظم الأحيان.يتألف كتاب موراكامي من إحدى عشرة مقالة، ست منها سبق أن نشرها متفرقة، والخمس كتبت خصيصا من أجل هذا الكتاب، وتدور في مجملها حول ما يعنيه أن تكون روائيا، إلى جانب بعض الأفكار عن دور الرواية في المجتمع، وأصوله ككاتب وتأملاته في شرارات الإبداع الملهمة للكتاب والفنانين.,10
"في المقدمة، يصرح موراكامي عن نيته في مخاطبة القارئ وجها لوجه، وعليه تدفقت نبرته الحميمية البريئة من الزخرفة والمبالغات على طريقته الشهيرة، بدءا من سرد العموميات عن صفات الروائي الناجح، وكيف يمكنه المحافظة على هذا النجاح، مكررا القصة التي ذكرناها آنفا عن تبدل مساره من صاحب مقهى إلى كاتب مع حقائق عن عدم تمكنه في البداية من تكوين صوت أدبي خاص تستسيغه أذنه، وهو أمر طبيعي جدا بالنسبة لشخص لم يفكر من قبل أن يكون حكاء على عكس معظم الكتاب الذين شرعوا في تناول أقلامهم مدونين كل ما يدور في خلدهم قبل أن ينتبهوا إلى قدرتهم على الحكي، وقبل أن يقطعوا شوطا طويلا، ويخوضوا عذابا لا يحتمل بغية امتهان الكتابة كحرفة يمكنهم التعيش منها من دون مصادر أخرى. من أجل تذليل ذلك العائق، قام موراكامي بترجمة إحدى فقراته شديدة الصعوبة إلى الإنكليزية البدائية إلى حد ما، ثم أعاد ترجمتها إلى لغة يابانية بسيطة مماثلة، ولكن ""بإيقاع إبداعي يخصني وحدي""، فإذا به يهتدي إلى ""أروع الأوتار""، ويعثر على صوته ""الحيادي"" الذي أمكن ترجمته إلى عشرات اللغات الأخرى بمنتهى السهولة، وجعله أحد أكثر المؤلفين قراءة في جميع أنحاء العالم.",10
روايات نصف ناضجة,8
"يعتقد موراكامي أن أصالته الأدبية وصوته وأسلوبه قد تبلوروا في ذلك الوقت، ويخبرنا أنه حتى الآن لم يجابه أي مشقة في أثناء الكتابة كما يدعي معظم الكتاب. وهو ما يجعلنا نستخلص من خلاله درسه الأول عن الكتابة ""الحق أقول، لم أجد الكتابة مؤلمة... ما الهدف من الكتابة إذا كنت لا تستمتع بها لا أستطيع أن أتفهم فكرة الكاتب المعذب. في الأساس، أعتقد أن الروايات يجب أن تنساب بتدفق عفوي"". لكن موراكامي القافز ببراشوت على أرض الإبداع يتجاهل بذلك رصيدا من البؤس والألم والمشقة والإرهاق الطويل الممض المصاحب لعملية الخلق والابتكار، أو أنه في الأحرى يستعرض عضلاته ككاتب أمام المخاض العسير الذي أمعن في وصفه أجيال من المبدعين والكتاب العظام الذين كانوا حين يصادفهم مثل هذا التدفق في غفلة من الزمن يقيمون الأعراس والأفراح. لكن نفور اليابانيين من موراكامي يعود في الأساس إلى معارضة تدفقه هذا، في مرحلة ما، يتذكر زميلا قديما في المدرسة الثانوية زاره في مقهاه قبل أن يبيعه ويتفرغ تماما للكتابة، لمجرد التقليل من قيمة روايته الأولى الحائزة على جوائز، مدعيا أن في وسعه كتابة مثل هذا الهراء. وعلى عادة اليابانيين المتسمة بالتواضع، يقر موراكامي بأن زميله الساخط ربما يكون لديه وجهة نظر أخرى تستحق النظر، فهو بنفسه استنكر أعماله الأولى مفضلا التنقيب في الأعماق. وعلى الرغم من أنه لم يسمع أبدا عن أن زميله هذا نشر رواية بعد تعليقه هذا، كتب يقول ""ربما كان يعتقد أنه ليست هناك حاجة له للكتابة في عالم يمكن أن تمر فيه روايات نصف ناضجة مثل رواياتي. إذا كان الأمر كذلك، فمن المحتمل أن يكون على حق"".",10
"المرونة هي المفتاحهل يمكن أن يصبح المرء فنانا بالاجتهاد، أم أن الحقيقة أن لا فنان يصبح ذا أثر من دون بذل جهد هائل يعزو موراكامي نجاحه المشهود إلى طريقته الخاصة للغاية في جمع مادته السحرية من خلال القراءة المستفيضة النهمة أولا، باعتبارها بئر الإلهام، وإن كان يشدد، قبل كل شيء، على أهمية الملاحظة الثاقبة، والبطء في إصدار أحكام حول تلك الملاحظات. فهو نادرا ما يقوم بتدوين الملاحظات، واثقا من أنه عندما يحين وقت الكتابة، ستنفتح ""خزانة أدراج ذهنه الواسعة"" لتستدعي كل ما هو مفيد وذي صلة بعالمه. في مقال بعنوان ""اجعل من الوقت حليفك في كتابة الرواية"" يقدم وصفا تفصيليا لمختبره الكتابي، وصرامته في كتابة صفحات كل يوم، وحين يستوفي حصته، يتوقف على الفور، مشبها ذلك بضرب بطاقة وقت الدوام!",9
"يكتب أيضا عن العلاقة المهمة بين صحة الكاتب ومخرجاته الإبداعية، مؤكدا على أن الأفكار التي يتم التعبير عنها ليست إلزامية؛ فالمرونة هي المفتاح، ليس فقط في ما يتعلق بالموضوع ووجهة النظر، ولكن أيضا في ما يتعلق ببنية السرد، حيث يتعين أن تكون الروايات مثل الناس، ""فضفاضة وفيها أجزاء خشنة غير صقيلة""، من أجل تحقيق التباين مع الأجزاء المشيدة بإحكام.ويحلل في ""أي نوع من الشخصيات ينبغي إدراجي"" قراره بالانتقال من ضمير المتكلم في رواياته المبكرة إلى رحابة ضمير الغائب وقدرته على خلق مزيد من الشخصيات المرئية من عدة جهات، معترفا بأنه ""بمعنى ما، بينما يقوم الروائي بتشكيل روايته، تقوم الرواية بإعادة تشكيله في الوقت ذاته"". ولكنه في ""لمن أكتب"" يفجر مفارقة أخرى عن التواضع لا يمكنها أن تصمد على أرض الواقع، وتتلخص في أنه بقدر ما يسعده اجتذاب جمهور واسع، فهو يكتب في الأساس لإرضاء نفسه، وهو ما أجده يتعارض مع عنوان الكتاب، الفن للفن، أم الروائي بصفتها مهنة!في ""مهنة جسدية وشخصية بالكامل""، يستعيد موراكامي بعضا مما ذكره في كتابه ""عما أتكلم حين أتحدث عن الركض""، وهو المعروف بشغفه بالعدو لتعويضه عن المجهود الذي كان يبذله في مقهى الجاز بعد أن اضطرته الكتابة إلى التقيد بمكتبه لمدة خمس أو ست ساعات كل يوم، وما يتطلبه ذلك من قدر هائل من الجهد البدني، وقدرة على التحمل، والتي تغلب عليها كاتبنا بممارسة الركض، سيما وأنه مثل معظم الفنانين يفضل العزلة، ولا يسمح بتضييع وقته في برامج تلفزيونية، أو حوارات، أو في حفلات توزيع الجوائز، أو مهرجانات أدبية. يرى موراكامي أن ""للجري فوائد كثيرة، أولها أنك لا تحتاج لتمارسه إلى شخص آخر، أو معدات بعينها، كما أنه ليس عليك الذهاب إلى أي مكان خاص لتركض، فما دمت تملك حذاء رياضيا، وطريقا ممتدا، تستطيع أن تجري على قدر رغبتك"".",9
قبعة الكاتب وغباء الروائيين,1
"يحتوي الكتاب أيضا على مقالة بعنوان ""بخصوص المدارس""، تبدو في ظاهرها أن لا علاقة لها ببقية الكتاب، وإن كانت ذات صلة بموراكامي نفسه، فهو هنا يوجه أصابع الاتهام لنظام التعليم في اليابان، النظام الذي يقول إنه ساهم بشكل ضئيل، أو لم يساهم بأي شيء في نجاح مسيرته الأدبية، مشيرا إلى علاقته باللغة الإنكليزية على النحو الذي تلقاه في المدرسة، و""التناقضات"" و""العيوب الهيكلية"" في المجتمع الياباني، ليستخلص أن اللغة الإنكليزية يتم تدريسها فقط بهدف رفع درجات الطلاب في الاختبارات الخاصة بموضوع معين بدلا من تشجيع استخدامها في المستقبل في حياتهم اليومية. ونتيجة لذلك، لم يحصل موراكامي، الذي كان يقرأ روايات إنكليزية بطلاقة، على درجات جيدة في هذه اللغة، حيث اختلفت أهدافه عن أهداف أساتذته.من المعروف تأثر موراكامي بكتاب أوروبا، وهو ما أخذ عليه في بلده اليابان. وعلى الرغم من دور الجوائز في مسيرته الإبداعية، وحقيقة البدء منذ أول رواية له بمغازلة الجوائز، يعلن هنا ببساطة أنه لا يولي أهمية كبيرة للجوائز الأدبية، معللا ذلك بأن الفكرة نفسها بكل ما تنطوي عليه من إثارة وتشويق قد تفضي إلى اضطراب نفسي وجسدي من شأنه أن يسبب مشاكل أكثر مما تستحق، ولكنه يسوق حقيقة لا مراء فيها حين يقول ""يمكن للجائزة الأدبية أن تسلط الضوء على عمل معين، لكنها لا تستطيع أن تبث الحياة فيه"". أخيرا، يختم كتابه الذاتي بمقالة بعنوان ""الانطلاق إلى الخارج آفاق جديدة""، ليصف كيف تخطى الحدود اليابانية بضربة حظ في أواخر الثمانينيات، وهو من المقالات التي تحمل من تجربته بالفعل ما يهم أي كاتب حقيقي.هنالك قصة أرجأتها حتى النهاية، لكن موراكامي يستهل بها كتابه عن مهنة الروائي، بوسعها أن تلقي الضوء على التفكير المادي والقاصر في الآن ذاته عن فعل الإبداع. إنها عن رجلين يسافران إلى جبل فوجي من أجل التعرف عليه بنفسهما. يراقب الرجل ""الأذكى"" الجبل من زوايا عدة، ويقرر، بناء على ما رآه، أنه يعرف الآن ما الذي يجعل هذا الجبل مميزا. بينما الآخر ""الأقل ذكاء"" حسب رأيه، لا يجد مفرا من تسلق الجبل قبل أن يقرر. المدهش أن موراكامي يقارن ""غباء"" الرجل بالروائيين، متأسفا على حاجتهم لتسلق الجبل، مرارا وتكرارا أحيانا، للوصول إلى الهدف!في كتابه ""الكاتب وعالمه""، يورد تشارلس مورغان مقولة لشاتوبريان تصف نابليون بأنه لم يكن يعرف كثيرا في فن قيادة الجيوش عدا كسب المعارك، ولعلي أجدها تنطبق تمام الانطباق على الكاتب المرشح دائما لجائزة نوبل!",0
مصادر,0
"""عوالم صغيرة"" تفوز بجائزة ديلان توماس سيمفونية غانا",0
"لماذا يهيمن العنف على ""جائزة المرأة للخيال""",0
"الموت والحياة في غزة بـ""أمر الذكاء الاصطناعي""",0
"""ارفس الرتاج"" عن عالم الخيل والرجال",0
"صدر حديثا عن مؤسسة الدراسات الفلسطينية كتاب ""غزة حرب الانتقام المسعورة... مجموعة أوراق سياسات""، والذي أشرفت على تحريره هيئة مؤلفة من أحمد سامح الخالدي، وماهر الشريف، ورامي الريس، ومجدي المالكي.",0
أدخل عنوان بريدك الإلكتروني المستخدم للتسجيل معنا و سنقوم بإرسال بريد إلكتروني يحتوي على رابط لإعادة ضبط كلمة المرور.,0
الرجاء مراجعة بريدك الالكتروني. تم إرسال بريد إلكتروني يوضح الخطوات اللازمة لإنشاء كلمة المرور الجديدة.,0
مجلة اليابان,1
كل ما يتعلق باليابان بين يديك,2
هاروكي موراكامي أحد أشهر الأدباء اليابانيين في العالم. وقد حصل على العديد من الجوائز نظرا لتميزه بالعديد من الروايات التي تمت ترجمتها لأكثر من لغة! لكن ما الذي يجعل مؤلفاته مميزة! إليكم التفاصيل,10
ولد الأديب الياباني هاروكي موراكامي في كيوتو، اليابان، في عام . ونشأ في مدينة كوبيه اليابانية، ثم انتقل إلى العاصمة طوكيو حيث درس في جامعة واسيدا. حازت روايته الأولى اسمع صوت الريح تغني ( ) ، على جائزة غوانزو للكتاب الناشئين في عام . ثم استمر نجاحه مع رواية بينبول () و رواية مطاردة خروف بري ( ). وبذلك شكلت هذه الروايات سلسلة شهيرة تعرف باسم ثلاثية الجرذ ( ).,10
قام موراكامي بتأليف العديد من الروايات أيضا. ومن هذه الروايات على سبيل المثال لا الحصر هارد بويلد وندرلاند، ورواية نهاية العالم، الغابة النرويجية، رقص رقص رقص، جنوب الحدود، غرب الشمس، سبوتنيك الحبيبة، كافكا على الشاطئ، ، سنوات من الحج، عديم اللون تسكورو تازاكي وسنوات حجه. كما قام بتأليف العديد من الأعمال الواقعية. خصوصا بعد زلزال هانشين، والهجوم بغاز السارين في مترو أنفاق طوكيو عام . حيث أجرى مقابلات مع الضحايا الناجين، وكذلك مع أعضاء من الطائفة الدينية المسؤولة عن هذا الهجوم. ومن خلال هذه المقابلات، قام موراكامي، بنشر كتابين واقعيين في اليابان، ليشكلا معا كتاب (تحت الأرض). كما قام بكتابة عدة مقالات شخصية عن الجري بعنوان ما أتحدث عنه حين أتحدث عن الجري,10
لدى هاروكي موراكامي أكثر من رواية، بالإضافة إلى عدة قصص قصيرة. وقد تمت ترجمة أعماله إلى أكثر من لغة، وتم بيع أكثر من مليون نسخة حول العالم. يتميز موراكامي بقدرته على مزج الواقعية السحرية مع الخيال المعاصر. وغالبا ما يستكشف من خلال أعماله موضوعات عن الحب والفقدان والوحدة، والبحث عن معنى الوجود.,10
هناك عدة جوانب تجعل مؤلفات هاروكي موراكامي مميزة. ومنها ما يلي,10
كتاباته وأسلوب طرحه يعلق بالذهن عند القراءة بشكل لا يصدق لأن لديه موهبة في تصوير مشاهد حية من خلال رواياته بشكل لا ينسى! ويتم تصوير الشخصيات في أعماله بشكل يمكن ربطها ببعضها البعض بدون تعقيدات,9
غالبا ما تكون أعمال موراكامي مليئة بالمفاجآت والحبكات الدرامية القوية. فهو لا يخشى تجربة أنواعا وأنماطا مختلفة من الروايات. وغالبا ما تكون قصصه مليئة بنقاط التحول والتقلبات والمنعطفات المثيرة غير المتوقعة في محور القصة.,9
يتميز موراكامي بكثرة طرحه للأسئلة الفلسفية. وهذا طابعه الخاص الذي يبرز ضمن الكثير من أعماله. فهو يستعرض أسئلته الجوهرية حول الحياة والموت، وكذلك الحب وأسرار الوجود.,10
تميز موراكامي أكسبه شعبية كبيرة حول العالم. حيث فاز من خلال أعماله بالعديد من الجوائز الدولية. بما في ذلك جائزة فرانز كافكا، وجائزة القدس. كما شكلت رواياته وأعماله الأدبية مصدرا للإلهام للعديد من الأفلام والبرامج التلفزيونية. يعد هاروكي موراكامي أحد أكثر المؤلفين شهرة واستحسانا في العالم. ولاتزال أعماله مصدرا للإلهام والتسلية للقراء من كافة الأعمار.,10
وقد فاز الأديب موراكامي بجائزة الأميرة أستورياس الإسبانية للأدب في عام . وهي إحدى أرقى الجوائز التي تمنح للأدباء في القارة الأوروبية. وعلقت المؤسسة على قرارها في منح الجائزة للأديب هاروكي موراكامي قائلة يعد موراكامي بحسب المختصين كاتبا مثيرا لحواس القراء. ويتميز بأسلوبه النثري الذي يستخدم فيه نبرة حميمية مع نبرة سريالية في بعض الأحيان. كما يضيف إلى هذه النبرة قليلا من حس الفكاهة.,10
انضم الآن مجانا لتصبح عضوا متميزا في مجلة اليابان للحصول على آخر المستجدات والأخبار من الموقع مع العديد من العروض والمفاجآت! (اضغط هنا),0
لم أقرأ له سوى كافكا على الشاطئ، فكرة الرواية بشكل عام رهيبة وغرببة في آن واحد,5
عندما قرأت كافكا على الشاطئ، شعرت نوعا ما بأن المؤلفين اليابانيين مؤلفي الروايات والمانغا لهم تفكير مختلف حرفيا,5
أكثر ما أزعجني هو حشو مؤلفاته بالمقاطع الإباحية التي لاداع لها وليست أساسا لبناء الرواية حتى! حتى فكرة وجود عقدة اوديب في الرواية امر مزعج جدا، استغرب من إقبال الناس على رواياته رغم هذا,5
المؤلف هاروكي يعتبر من اشهر الأدباء في العالم,5
له روايات وقصص قصيرة مزج من خلالها الواقع السحري مع الخيال المعاصر,5
تعتبر مؤلفاته مصدرا للإلهام والتسلية للقراء من كافة الأعمار,4
للاسف لا عرفه,0
إنها المرة الأولى التي أسمع به ربما لأنني لست من الذي يحبون الروايات كثيرا,2
ولكن بما أنه كاتب مشهور سوف اقرا له أبرز روايته كونه حصل على العديد من الجوائز,5
من الجميل أن الكاتب هاروكي يستطيع المزج بكل انواع المشاعر التي يوصلها للقارئ ويجعله ينغمس بها,5
لقد حقق انجازات مذهلة ومازال يحقق لانه ذو فكر أدبي ابداعي بحت,5
أن هدفه الأساسي هو جعل القراء يشعرون أنهم هم الذين يعيشون في هذه الرواية وهذا هو السبب الرئيسي الذي جعله يحصد العديد من الجوائز وليس كل اديب يستطيع الوصول الى هذا الهدف فقط المبدعين,5
بالنسبة لي موراكامي هو فيلسوف الادب الياباني بامتياز,5
احد الروائيين المفضلين لي عوالمه سحرية ممزوجة بالواقع,4
لا بد ازه مؤلف عظيم لفوزيه بالعديد من الجوائز الكبيرة ومنها جائزة الاميرة استورياس التى تمنح للدباء في قارة اوربا,5
اعتقد بعد قراءة هذا المقال سوف اقرء لهذا الكاتب,5
اعتقد بعد هذا المقال انه اشهر الادباء اليابانين,6
رغم أهمية الأبحاث العلمية يظل الأدب مهما جدا في حياتنا,5
من اكثر الكتاب اللذين استمتعت بكتبهم ومن اكثرهم تميزا,7
هاروكي مؤلف عظيم وله عديد المؤلفات في الادب الياباني,10
اتمنى ان اقره له كتابا يوما ما,1
المقالة السابقة,0
اليابان تطور عصابة رأس تحمي لاعبي كرة القدم من الإصابات,1
المقالة التالية,0
قائمة أفضل الأغاني وأكثرها رواجا في اليابان للأسبوع الرابع من شهر مايو,0
سجل بريدك الإلكتروني هنا للحصول على أحدث المقالات التي يتم نشرها في الموقع,0
اشتراك,0
